timestamp,title,image
2025-02-25 01:02:00,"프로야구, 올해도 1000만 관중 넘을까?",1740657966711_프로야구__올해도_1000만_관중_넘_image.jpg
2025-02-11 00:39:00,"[오피셜] KBO 2025년 선수 명단 발표 &quot;삼성이 최다 62명, KIA가 코칭스태...",1740657969743__오피셜__KBO_2025년_선수_명_image.jpg
2024-09-10 06:14:00,"[2025 KBO 신인 드래프트] 전주고 정우주 vs 덕수고 정현우→배찬승·박...",1740658618520__2025_KBO_신인_드래프트__전_image.jpg
2025-02-27 12:34:00,"삼성 원태인 '대구로' 홍보영상 전격 출연",1740659904362_삼성_원태인__대구로__홍보영상_전격_image.jpg
2025-02-27 06:36:00,"류지현 감독, KBO 라이브 방송서 대표팀 구성 방향 소개",
2025-03-04 05:09:00,"KBO, 2025 키즈클럽 미래야구의 날 운영 대행 입찰 시행",1741065083083_KBO__2025_키즈클럽_미래야구의_image.jpg
2025-03-04 01:42:00,"‘이대로 KBO리그 리턴?’ 고우석, 결국 또 마이너 추락",
2025-03-04 05:11:00,"“신발 해졌던데 하나 사” 11억에 두산 택한 다저스맨, 인성도 특급…...",
2025-03-04 05:32:00,"KBO, 키즈클럽 미래야구의 날 운영 대행 입찰 시행",1741066380150_KBO__키즈클럽_미래야구의_날_운영_image.jpg
2025-03-05 00:30:00,"합작 30승? 콜! 공포의 외인 듀오",1741135250979_합작_30승__콜__공포의_외인_듀오_image.jpg
2025-03-05 00:41:00,"韓 11승→견갑골 부상→한국시리즈 불발→美 복귀…'삼성 출신' 코너 KK...",
2025-03-04 09:45:00,"Florial ready to give 'my 100 percent every time' for new KBO team",1741135512989_Florial_ready_to_giv_image.jpg
2025-03-06 00:30:00,"As new captain, Landers pitcher Kim Kwang-hyun looks to lead team to big ...",
2025-03-05 08:50:00,"SSG 김광현, KBO리그 연봉킹",1741221642260_SSG_김광현__KBO리그_연봉킹_image.jpg
2025-03-06 04:00:00,"“고영표 공 어느 정도로 떨어지는지 경험해봐…” KIA ML 88홈런 거포는...",
2025-03-07 00:40:00,"야구의 계절이 임박했다… ‘전초전’ KBO 시범경기, 8일 개막",1741308047575_야구의_계절이_임박했다___전초전___image.jpg
2025-03-07 00:02:00,"달라지는 KBO…언더핸드 투수는 안도, 롯데는 긴장",
2025-03-08 00:14:00,"윤석민·김재호, 새 시즌 스포티비에서 해설위원으로 출발",
2025-03-07 07:48:00,"날씨에 웃고 우는 KBO리그, 기상청과 업무협약 체결",
2025-03-09 00:20:00,"'이래서 1순위구나' 정현우, 시범경기 데뷔전부터 완벽투…키움 히트상...",1741480569575__이래서_1순위구나__정현우__시범경_image.jpg
2025-03-08 14:11:00,"KBO 피치클록 첫 도입, 첫날 위반은 한 건",1741480571339_KBO_피치클록_첫_도입__첫날_위반_image.jpg
2025-03-10 00:34:00,"기아, '더 기아 EV4' 계약 개시",1741566954903_기아___더_기아_EV4__계약_개시_image.jpg
2025-03-09 01:01:00,"SPC삼립, KBO와 '크보빵' 출시…&quot;띠부씰 동봉&quot;",1741566957962_SPC삼립__KBO와__크보빵__출시_image.jpg
2025-03-11 00:28:00,"다승왕 상대 생일 축포라니…그것도 밀어서 넘겼다, 19세 루키의 화려한...",
2025-03-12 00:34:00,"3년 연속 꼴찌 후보? 키움은 늘 '이변'을 보여줬다",
2025-03-11 02:33:00,"김도영·구자욱 총출동하는 KBO 미디어데이 20일 개최",1741740030758_김도영_구자욱_총출동하는_KBO_미디_image.jpg
2025-03-13 00:38:00,"&quot;KBO리그 성적 못믿어…한국은 싱글A 더블A&quot; 김혜성 마이너행에 선 넘는...",
2025-03-12 06:30:00,"KBO리그 극장 생중계 협약 체결한 CGV와 KBO",1741826477691_KBO리그_극장_생중계_협약_체결한__image.png
2025-03-14 00:38:00,"'컴투스프로야구' 시리즈 캠페인 영상, '올해의 광고상', '소비자가 뽑은...",1741912830255__컴투스프로야구__시리즈_캠페인_영상_image.jpg
2025-03-13 05:04:00,"KBO 퓨처스리그 내일 개막…체크 스윙 비디오판독 시범 도입",1741912832516_KBO_퓨처스리그_내일_개막_체크_스_image.jpg
2025-03-15 00:38:00,"미성년자 성범죄에 음주운전까지…전 롯데 투수 서준원 사실상 영구퇴출",1741999215412_미성년자_성범죄에_음주운전까지_전_롯_image.jpg
2025-03-14 08:26:00,"롯데지주-KBO, 업무협약 체결",1741999218294_롯데지주_KBO__업무협약_체결_image.jpg
2025-03-16 00:43:00,"&quot;김도영? 올해도 실수 많이 하게 될 겁니다&quot; 꽃감독 이야기에 담긴 의미...",
2025-03-17 00:30:00,"연세유업X두산베어스, '연세우유 먹산 생크림빵' 출시",
2025-03-16 10:31:00,"KBO리그 4대 공식행사, 롯데호텔서 열린다",1742172197716_KBO리그_4대_공식행사__롯데호텔서_image.jpg
2025-03-18 00:34:00,"[주목! 이 선수] 암표가 2000만원→선수단에 대형 참치 선물…'50-50'에 투...",
2025-03-17 05:04:00,"KBO 비디오판독 센터, 호크아이 리플레이 시스템 도입",1742258464280_KBO_비디오판독_센터__호크아이_리_image.jpg
2025-03-19 00:40:00,"기아, 'KBO 디스플레이 테마' 공개",1742344893358_기아___KBO_디스플레이_테마__공_image.png
2025-03-19 00:02:00,"기아, 지난해 KBO 우승 기념 '디스플레이 테마' 공개",
2025-03-19 07:06:00,"KBO, '크보빵' 10종 정식 출시…롯데 제외 9개 구단 참여",
2025-03-21 00:41:00,"“작년보다 더 좋은 모습 보여드릴 것”…새 시즌 앞둔 NC 김형준의 당찬...",
2025-03-20 13:24:00,"케이스티파이, KBO 리그 폰케이스 출시",1742517722711_케이스티파이__KBO_리그_폰케이스__image.jpg
2025-03-22 00:29:00,"2025 KBO리그 출발…베트맨, 개막맞이 ‘빅이벤트’ 진행",
2025-03-21 02:29:00,"'전임 KBO 감독만 5명'…2026 WBC 야구대표팀 코치진 확정",1742604025064__전임_KBO_감독만_5명__2026_image.jpg
2025-03-23 00:44:00,"[포토] LG유플러스, 프로야구 개막 맞춰 품질 점검 완료",1742690704583__포토__LG유플러스__프로야구_개막_image.jpg
2025-03-22 08:11:00,"Twins rout Giants on KBO Opening Day",
2025-03-24 00:42:00,"하이트진로, '켈리 X CGV' 컬래버레이션 마케팅 진행",1742777004340_하이트진로___켈리_X_CGV__컬래_image.jpg
2025-03-23 16:08:00,"KBO 리그 개막전 전 경기 매진... 역대 최다 관중 동원",1742777006809_KBO_리그_개막전_전_경기_매진___image.jpg
2025-03-25 00:40:00,"'컴투스프로야구' 시리즈, KBO 리그 개막 캠페인 영상100만 돌파",1742863318877__컴투스프로야구__시리즈__KBO_리_image.jpg
2025-03-24 05:55:00,"KBO, 완도군과 동계훈련 시설 구축 업무협약",1742863320519_KBO__완도군과_동계훈련_시설_구축_image.jpg
2025-03-26 00:40:00,"냄새로는 만족 못해…우승까지 씹어먹자",
2025-03-25 10:39:00,"SOOP KBO 그래픽 '입중계' 관심↑",1742949690652_SOOP_KBO_그래픽__입중계__관_image.jpg
2025-03-27 00:40:00,"크보빵 이어서 '크보 뉴비' 필독서 나왔다! 지금 사야 김도영-구자욱-윤...",
2025-03-26 07:25:00,"KBO, 한국야구박물관 로고 발표…&quot;야구 물품 기증해주세요&quot;",1743036102313_KBO__한국야구박물관_로고_발표___image.jpg
2025-03-28 00:41:00,"최고 150km+KKKKK 1피안타 무실점…LG의 개막 5연승 이끈 ‘5선발’ 송승...",
2025-03-27 08:20:00,"KBO 매진 행진에 야구 예능도 후끈",1743122511795_KBO_매진_행진에_야구_예능도_후끈_image.jpg
2025-03-29 00:40:00,"두산, 만원 관중 앞 홈 개막전 2-0 승리... 강승호 결승타·어빈 7이닝 호...",1743208883876_두산__만원_관중_앞_홈_개막전_2__image.jpg
2025-03-28 05:17:00,"KBO, 2차 드래프트 보호 대상 범위 확대",1743208884696_KBO__2차_드래프트_보호_대상_범_image.jpg
2025-03-30 00:42:00,"“박병호 먼저 도발하는 스타일 아냐” 감독도 발끈…콜어빈과 어떻게...",
2025-03-31 00:40:00,"[KBO] '디펜딩 챔피언' KIA, 4연패 탈출..'구조물 추락' LG·NC전 취소",1743381903240__KBO___디펜딩_챔피언__KIA__image.jpg
2025-03-30 11:46:00,"창원구장 구조물 추락 사고에도 경기 그대로 진행한 NC·KBO",1743381906408_창원구장_구조물_추락_사고에도_경기__image.jpg
2025-04-01 00:46:00,"몸값 '619억' 김하성 前 동료, 금지약물 복용→80G 출장정지 중징계",
2025-03-31 23:11:00,"KBO, 1일 프로야구 전경기 취소… 관중 사망 사고 여파",1743468537469_KBO__1일_프로야구_전경기_취소__image.jpg
2025-04-02 00:39:00,"올해 기대했는데, 팬들 애태우는 '하위 3팀' 외국인 타자들",
2025-04-01 20:04:00,"KBO 역수출 신화 계속된다",1743554554235_KBO_역수출_신화_계속된다_image.jpg
2025-04-03 00:19:00,"김하성도 없는데...샌디에이고, 개막 7연승 질주→다저스와 나란히",1743640908796_김하성도_없는데___샌디에이고__개막_image.jpg
2025-04-02 09:42:00,"KBO, 4개 구장 안전 점검 완료…&quot;나머지 구장도 점검 실시 중&quot;",
2025-04-04 00:16:00,"'6경기 4홀드' 정철원, 2022년 신인왕의 부활",
2025-04-03 05:38:00,"경남 고성·KBO, 야구 전지훈련 경쟁력 강화 방안 모색",1743727315398_경남_고성_KBO__야구_전지훈련_경_image.jpg
2025-04-05 00:40:00,"'1번 타자' 푸이그, 만루포까지…키움의 공격 극대화 대성공",
2025-04-04 03:03:00,"KBO, 첨단 장비로 고교 1학년 선수 전원 훈련 데이터 측정",1743813685222_KBO__첨단_장비로_고교_1학년_선_image.jpg
2025-04-06 00:41:00,"“좋은 이야기 나오고 있어” NC 임정호·임상현, 곧 1군에 모습 보이나...",
2025-04-05 06:16:00,"최성용 KBO 기록위원, 역대 6번째 3천경기 출장",1743900320791_최성용_KBO_기록위원__역대_6번째_image.jpg
2025-04-07 00:27:00,"들쑥날쑥한 공격력·허리진...롯데 '승률 방어' 이끄는 '국내 선발 3인방...",
2025-04-06 09:21:00,"계속된 야구 열기…KBO리그, 60경기 만에 100만 관중 '역대 최소'",1743986634867_계속된_야구_열기_KBO리그__60경_image.jpg
2025-04-08 00:40:00,"도미노피자, 색다른 1인 피자 ‘썹자’ 출시",1744072922136_도미노피자__색다른_1인_피자__썹자_image.jpg
2025-04-08 00:02:00,"도미노피자, 프로야구 개막 기념 KBO 피자 '썹자' 출시",1744072924522_도미노피자__프로야구_개막_기념_KB_image.jpg
2025-04-09 00:41:00,"“준비한 것 꾸준히 잘하다 보면 좋은 성적 자연스레 따라올 것”…NC 필...",
2025-04-10 00:41:00,"실책+주루사→동점 3루타 ‘쾅!’…지옥과 천당 오간 플로리얼, 반등하...",
2025-04-09 12:31:00,"Heroes beat KBO-leading Twins behind starter's gem",
2025-04-11 00:41:00,"류현진 17K 기록에 탄성 내지른 14K 외인 “그는 진짜 전설이다, 기록에...",
2025-04-10 10:43:00,"[사진]KBO 통산 4번째 2400안타 날리는 김현수",1744332164304__사진_KBO_통산_4번째_2400안_image.jpg
